Country,Year,House Price Index,Rent Index,Affordability Ratio,Mortgage Rate (%),Inflation Rate (%),GDP Growth (%),Population Growth (%),Urbanization Rate (%),Construction Index,country_code,latitude,longitude,HPI_YoY_Change,Year_num,HPI_lag_1,HPI_lag_2,HPI_roll_mean_3,HPI_roll_std_3,Economic_Stress,Period_Pre-COVID
Australia,2015,151.334958588455,112.664478638104,7.605096979041,4.16056742632658,1.19661807370854,1.57929893458764,0.864160432592581,67.2741151090419,91.5394584759505,AU,-25.274398,133.775136,,2015,130.32097784103212,130.57233524572237,130.37542599087405,26.121754179990482,3.7778865654474796,True
Australia,2016,117.728416310462,51.4049838444408,5.8987124902486,2.55724003498272,2.62873278915645,-1.04190294544599,2.11684548258963,77.8077736066215,124.328185531559,AU,-25.274398,133.775136,-22.2067277722549,2016,151.334958588455,130.57233524572237,130.37542599087405,26.121754179990482,6.22787576958516,True
Australia,2017,158.917123860734,84.890953925034,3.78228259278681,4.18553270909274,4.31446726713571,3.96351579347464,0.510808411803878,63.8274090838669,92.702072463898,AU,-25.274398,133.775136,34.986207103689,2017,117.728416310462,151.334958588455,142.660166253217,21.921825288056798,4.53648418275381,True
Australia,2018,116.308229639864,95.2142068932121,8.13700474202021,3.28048362948923,6.91234911715437,2.8461985548551,-0.169706228924019,63.0534741786121,82.2287311347466,AU,-25.274398,133.775136,-26.8120220060177,2018,158.917123860734,117.728416310462,130.98458993702,24.20070393799344,7.3466341917885,True
Australia,2019,104.595772838451,61.2476961281689,4.67910321646175,2.92547584346924,1.62692836941591,5.1741233970114,-0.719181890184252,75.7353416871076,102.831746159173,AU,-25.274398,133.775136,-10.0701874989235,2019,116.308229639864,158.917123860734,126.60704211301633,28.587610043328034,-0.6217191841262499,True
Australia,2020,178.237861690861,57.8427231517637,6.58070039141167,6.34735216637684,6.12579631831087,4.53657656759424,-0.0973401053427105,65.126627621702,123.491457593954,AU,-25.274398,133.775136,70.4063719345052,2020,104.595772838451,116.308229639864,133.04728805639198,39.57191390545213,7.93657191709347,False
Australia,2021,172.937598912759,88.9734025109751,8.1445142052291,2.89989546830142,5.50170406574759,-0.503650011539813,0.132877327414853,72.7630931584925,110.608830294756,AU,-25.274398,133.775136,-2.97370195525288,2021,178.237861690861,104.595772838451,151.92374448069032,41.07281182492492,8.905249545588823,False
Australia,2022,104.240973241508,58.0385777317442,8.49558038197469,2.94315276620128,4.27804843924698,-0.765098277806382,0.683990356491861,75.9776829765476,74.1458829457942,AU,-25.274398,133.775136,-39.7233603930778,2022,172.937598912759,178.237861690861,151.805477948376,41.27723073785941,7.986299483254642,False
Australia,2023,113.660427819392,59.4090273857282,3.57037473425491,6.44980116194973,2.5952999923357,4.47899556683708,-0.108757708326827,80.4450816667179,130.818228791175,AU,-25.274398,133.775136,9.03623046195166,2023,104.240973241508,172.937598912759,130.27966665788634,37.24185708758608,4.56610558744835,False
Australia,2024,139.563874060784,83.0103331985111,6.70656822732542,3.24434133271498,6.54193943761087,4.64495526230183,2.37759418733279,63.7289167045663,128.469398016292,AU,-25.274398,133.775136,22.7902065286551,2024,113.660427819392,104.240973241508,119.155091707228,18.291263734425794,5.14132550802402,False
Brazil,2015,159.941587896898,98.6287529598099,5.44930623506966,4.45115333434544,2.84633033011017,-1.26734341338693,2.21059751411785,64.1045589275688,146.018988305664,BR,-14.235004,-51.92528,,2015,130.32097784103212,130.57233524572237,130.37542599087405,26.121754179990482,8.56482707784254,True
Brazil,2016,124.600577295796,62.9593050187034,7.87710852640522,5.86472917938204,5.25946176166215,4.4524891828916,1.30574178348751,80.7682969355356,137.935652125226,BR,-14.235004,-51.92528,-22.0961984095619,2016,159.941587896898,130.57233524572237,130.37542599087405,26.121754179990482,6.671701758152591,True
Brazil,2017,104.966800885919,84.2597474550198,4.99088497637642,6.43834003998323,6.63638570796299,-1.68458550905195,1.46951310380491,87.75744952247,84.4460276101867,BR,-14.235004,-51.92528,-15.7573719448084,2017,124.600577295796,159.941587896898,129.83632202620433,27.85886876538827,14.75931125699817,True
Brazil,2018,136.794523055263,114.084180831163,3.30551380727219,4.9871013362342,2.43276854792158,5.39516956301224,2.39870385807879,88.327994673403,107.937137332597,BR,-14.235004,-51.92528,30.3217035298006,2018,104.966800885919,124.600577295796,122.12063374565933,16.058130795056364,2.0247003211435404,True
Brazil,2019,166.204265098931,109.118457897455,5.8719042591893,5.64457737075339,0.740549625650702,2.77015902785642,-0.194969069493039,63.6170065733184,76.1562561303367,BR,-14.235004,-51.92528,21.4992101926386,2019,136.794523055263,104.966800885919,135.98852968003766,30.6266872972031,3.6149679685476714,True
Brazil,2020,149.628877587814,73.7912474637646,9.52290094375885,1.82678170399471,2.54938719589897,2.3159303390027,1.76753107693637,69.5625750879621,120.071310114961,BR,-14.235004,-51.92528,-9.97290141817423,2020,166.204265098931,136.794523055263,150.87588858066934,14.744473848903493,2.0602385608909795,False
Brazil,2021,168.597774823619,93.1104231727613,5.0966352727827,1.62200390778269,6.15564268035604,-1.8298447131969,2.0614558543947,75.8681140208164,145.125415881032,BR,-14.235004,-51.92528,12.6772970175308,2021,149.628877587814,166.204265098931,161.47697250345468,10.330306725749475,9.60749130133563,False
Brazil,2022,159.878323577367,119.855387737334,6.15640633906539,5.33594144465564,3.11255093846007,1.83900496243127,1.1962691212643,86.2103134255902,148.726677535944,BR,-14.235004,-51.92528,-5.17174752476666,2022,168.597774823619,149.628877587814,159.3683253296,9.494726917883169,6.60948742068444,False
Brazil,2023,156.827341386452,79.2436747517134,6.79221302049363,5.18791150794446,2.05205144749397,-1.11620709494884,0.241177551742718,68.6171697496224,93.7046496364792,BR,-14.235004,-51.92528,-1.90831510028833,2023,159.878323577367,168.597774823619,161.7678132624793,6.108469880199325,8.35617005038727,False
Brazil,2024,103.360775104991,52.9465232745453,3.16086541260072,6.43861194868016,3.28052536928311,1.07461317727745,1.37876548942574,66.5476166359519,145.996894716018,BR,-14.235004,-51.92528,-34.0926306655351,2024,156.827341386452,159.878323577367,140.02214668960332,31.7863059812097,8.644524140685819,False
Canada,2015,91.9594245938302,99.9271351056096,9.84706543755208,4.30638598784748,5.51128666970465,1.95036477091513,0.829564902836979,72.8262305507565,72.0335301395276,CA,56.130366,-106.346771,,2015,130.32097784103212,130.57233524572237,130.37542599087405,26.121754179990482,7.8673078866370005,True
Canada,2016,90.7891426993304,52.2000429980714,8.72769370137402,3.07177990538163,3.80570949257057,5.26053179140874,-0.127477197978938,72.3114876910689,130.444091083444,CA,56.130366,-106.346771,-1.27260680421682,2016,91.9594245938302,130.57233524572237,130.37542599087405,26.121754179990482,1.61695760654346,True
Canada,2017,102.879816549162,55.3885936880155,5.60776307622391,2.30610643627002,6.54303474022672,4.46496303651534,1.21691314778648,86.1438177056315,134.293766151929,CA,56.130366,-106.346771,13.3173125005408,2017,90.7891426993304,91.9594245938302,95.20946128077419,6.668444525195658,4.3841781399814,True
Canada,2018,98.6570058886036,112.479129894298,7.85408017724086,5.53720077582031,6.32459344950271,0.544027799774911,-0.614818264153131,66.8380548762583,104.168623090101,CA,56.130366,-106.346771,-4.10460555063369,2018,102.879816549162,90.7891426993304,97.44198837903201,6.136228417943286,11.31776642554811,True
Canada,2019,161.801476592249,110.251140827944,3.06256917478072,4.05373651288783,3.21317152046706,-0.223137516234158,-0.58047121433211,70.1284551421088,145.432776313002,CA,56.130366,-106.346771,64.0040412081266,2019,98.6570058886036,102.879816549162,121.11276634333821,35.300657058454256,7.4900455495890474,True
Canada,2020,112.320293202076,86.3153435220356,9.3271706300566,3.31814801189647,6.81658353768624,5.69957835953689,-0.118761964611225,74.9174551767716,94.0702647853416,CA,56.130366,-106.346771,-30.5814164569522,2020,161.801476592249,98.6570058886036,124.25959189430955,33.222224264152764,4.4351531900458205,False
Canada,2021,108.484049437747,52.5820863148173,8.48607900581907,4.01339511614431,0.834611883124931,0.229171713892891,2.17893060088329,67.1868567200092,81.5915897672978,CA,56.130366,-106.346771,-3.41545027613752,2021,112.320293202076,161.801476592249,127.53527307735733,29.737328714056005,4.618835285376351,False
Canada,2022,128.945276027756,118.995531787742,5.1784974436035,4.86067773702939,5.45052749963666,-0.0988996480608026,1.54875722014151,71.0334939815776,120.584466447486,CA,56.130366,-106.346771,18.8610461132825,2022,108.484049437747,112.320293202076,116.58320622252633,10.87633986949961,10.410104884726854,False
Canada,2023,143.352971076089,87.5042278852331,3.81260793048967,5.67651247794619,2.58507042231628,-0.507851916801166,-0.857287004558326,77.7267882956473,124.205148947383,CA,56.130366,-106.346771,11.1734958365065,2023,128.945276027756,108.484049437747,126.92743218053067,17.521820521825028,8.769434817063635,False
Canada,2024,81.6587828927856,85.8465140809497,5.03846197678144,4.72586395204725,1.63338178853244,3.52750190481973,0.353573712051881,88.101899662102,81.0016755316795,CA,56.130366,-106.346771,-43.0365605401771,2024,143.352971076089,128.945276027756,117.98567666554352,32.27425951953615,2.8317438357599607,False
China,2015,178.484119896233,108.722866051215,4.1219641308294,6.10420941308686,6.15432635340383,2.15070445700858,1.06946402510725,71.9700811161039,74.3809311057625,CN,35.86166,104.195397,,2015,130.32097784103212,130.57233524572237,130.37542599087405,26.121754179990482,10.10783130948211,True
China,2016,113.51972416459,106.199741401861,3.04168820704143,3.16749585845572,3.08809650834113,2.29916482350338,2.21949465744466,70.3903798309788,97.7562561516982,CN,35.86166,104.195397,-36.3978575625732,2016,178.484119896233,130.57233524572237,130.37542599087405,26.121754179990482,3.95642754329347,True
China,2017,153.750124810975,81.6552558622865,5.02144340645984,3.76219758066347,1.4155706324687,-0.588904107950214,0.744287204588179,72.5677634851364,143.187672085448,CN,35.86166,104.195397,35.4391282593812,2017,113.51972416459,178.484119896233,148.58465629059933,32.78878965394457,5.766672321082384,True
China,2018,116.239389911663,90.641184519463,8.69037859127577,1.56547228294167,4.81299291810862,-0.575712265041989,2.36374611114309,64.4598818325934,103.169929898162,CN,35.86166,104.195397,-24.3972061456395,2018,153.750124810975,113.51972416459,127.83641296240933,22.48309346535345,6.954177466092279,True
China,2019,88.5349668078644,119.781197629216,7.51975509298118,4.47692508660022,0.935997103024779,3.99968376319342,-0.26533042416545,86.9416286832214,86.4111712385606,CN,35.86166,104.195397,-23.8339371230811,2019,116.239389911663,153.750124810975,119.50816051016746,32.73022844805555,1.4132384264315792,True
China,2020,99.0687720663666,52.5584767493666,7.24860250598999,4.32420566631308,0.92710615628429,4.20422093356008,0.586510921618097,75.7317080798274,105.261019755058,CN,35.86166,104.195397,11.8979038884855,2020,88.5349668078644,116.239389911663,101.28104292863134,13.98407564533996,1.0470908890372899,False
China,2021,120.076306087533,89.1748231915753,4.39716221337641,2.40964065247636,6.10160653658786,5.56892369706906,0.306582606979135,68.1223401943066,121.519963459121,CN,35.86166,104.195397,21.205000912995,2021,99.0687720663666,88.5349668078644,102.56001498725466,16.05788291582294,2.9423234919951593,False
China,2022,120.87341710981,51.7770448962241,4.40537337629571,5.07986114423699,4.78300562241598,-1.78323205997213,-0.223097433234677,66.9322438976421,123.751419487898,CN,35.86166,104.195397,0.66383706182298,2022,120.076306087533,99.0687720663666,113.33949842123654,12.365236330824494,11.646098826625101,False
China,2023,81.9710537754364,57.2876007389202,10.1992447683587,2.39272331027167,4.74284970103719,-0.0945377516261878,-0.651955125342292,67.2951657299836,127.781354548453,CN,35.86166,104.195397,-32.1843828565148,2023,120.87341710981,120.076306087533,107.64025899092648,22.23375629064203,7.230110762935047,False
China,2024,165.569646810629,108.115390519689,6.57465176656609,4.84042568285323,1.83239792020284,0.345181842088106,2.13717536482392,60.3900577053221,76.8406824683574,CN,35.86166,104.195397,101.985504863966,2024,81.9710537754364,120.87341710981,122.80470589862513,41.83274550702223,6.327641760967964,False
France,2015,118.816992620652,95.0301752909647,7.12427601442365,4.22808394657967,6.61952125704741,1.08882110240619,2.3641669733837,87.1605192586819,85.6632907831437,FR,46.227638,2.213749,,2015,130.32097784103212,130.57233524572237,130.37542599087405,26.121754179990482,9.75878410122089,True
France,2016,86.9361300875165,57.0544600964199,3.16399643086395,1.97221480377964,4.93954402720632,-1.43049081231817,0.116414706028165,85.3462593290836,71.8617548588661,FR,46.227638,2.213749,-26.8319049573338,2016,118.816992620652,130.57233524572237,130.37542599087405,26.121754179990482,8.34224964330413,True
France,2017,161.446848258894,69.729834234138,4.06348344859491,4.98368582682075,4.58812850406925,5.01977610821642,1.5727486533136,84.1044279115455,92.5627658057045,FR,46.227638,2.213749,85.7074246304371,2017,86.9361300875165,118.816992620652,122.39999032235416,37.38435749081978,4.55203822267358,True
France,2018,97.7439543779723,102.54303261486,10.2615126534054,6.45252571000337,3.18201489992427,0.976144686342265,1.71744536259699,70.2241062075905,144.460586048285,FR,46.227638,2.213749,-39.4575023098428,2018,161.446848258894,86.9361300875165,115.37564424146092,40.263123899981935,8.658395923585376,True
France,2019,165.841275184301,80.0295819162513,9.75783961012348,5.27271437042341,1.17030514743356,5.22042325343653,0.7683833035675,84.7937239832322,95.6039680824489,FR,46.227638,2.213749,69.6690871979653,2019,97.7439543779723,161.446848258894,141.67735927372243,38.1108356809599,1.2225962644204396,True
France,2020,169.55232284962,77.2441175113914,3.09753886332269,6.02690988209632,1.09336339910987,0.554509100723319,2.32521688467782,88.5182144081267,115.875031049863,FR,46.227638,2.213749,2.23771052242254,2020,165.841275184301,97.7439543779723,144.37918413729776,40.429895618494655,6.565764180482871,False
France,2021,143.18372121698,81.3911865384824,5.63889694528258,3.14332272684958,4.87136996450075,4.01899623550144,1.77052665304047,83.6885442838366,77.2964882438952,FR,46.227638,2.213749,-15.5518964231631,2021,169.55232284962,165.841275184301,159.52577308363365,14.273750842118076,3.99569645584889,False
France,2022,129.442030470258,54.0291132011651,7.94575994091362,3.70765250686688,6.27007718792895,0.80732010041663,-0.59026544250338,64.2897504615851,130.920850537398,FR,46.227638,2.213749,-9.59724375782753,2022,143.18372121698,169.55232284962,147.392691512286,20.383705794078566,9.1704095943792,False
France,2023,141.821806331626,57.0785873285953,3.75696125503498,5.0048456572956,0.972959541367258,4.57488047432285,1.47184779504774,62.440463419257,76.7870171268154,FR,46.227638,2.213749,9.56395369911356,2023,129.442030470258,143.18372121698,138.149186006288,7.571302476139725,1.402924724340008,False
France,2024,178.663957850118,76.1989557029284,6.33577932360202,5.56399783628751,6.65711575299508,5.88800851058297,1.6368236484063,71.2877875659275,76.6800573358935,FR,46.227638,2.213749,25.9777762471466,2024,141.821806331626,129.442030470258,149.97593155066735,25.60403976549222,6.33310507869962,False
Germany,2015,160.936115547851,106.707937627543,10.8036508672209,6.06620276278236,3.8237255925961,2.0121303574976,1.79403312638371,79.498917923333,126.157350180616,DE,51.165691,10.451526,,2015,130.32097784103212,130.57233524572237,130.37542599087405,26.121754179990482,7.877797997880858,True
Germany,2016,159.57926694361,112.30037392723,6.04195641166382,3.37791476319972,1.11088260896565,2.62624112796939,-0.874202041711403,73.9679405439738,113.411570776606,DE,51.165691,10.451526,-0.843097647549362,2016,160.936115547851,130.57233524572237,130.37542599087405,26.121754179990482,1.8625562441959804,True
Germany,2017,108.654125212828,91.3583282398308,3.27450224945144,1.68674094374607,5.84690364428778,0.881525131290103,-0.555288205718403,75.6672978016441,131.599484247889,DE,51.165691,10.451526,-31.9121291293918,2017,159.57926694361,160.936115547851,143.05650256809633,29.801055942775196,6.652119456743747,True
Germany,2018,101.582102749684,93.60233330733,3.76812718494391,1.75840860584304,3.95380510519296,2.32508097288085,1.23100465524372,81.7827400116798,148.068166357003,DE,51.165691,10.451526,-6.50874732026203,2018,108.654125212828,159.57926694361,123.271831635374,31.641361687293262,3.38713273815515,True
Germany,2019,131.63003483012,72.6069531058872,10.1566757529183,2.85416125631037,3.35331423458663,-1.37234894926187,-0.911272398045899,88.8794524403378,136.878409640976,DE,51.165691,10.451526,29.5799469267519,2019,101.582102749684,108.654125212828,113.95542093087734,15.70978541531613,7.57982444015887,True
Germany,2020,149.59742060937,78.6267061089989,4.55964888063761,2.28218521335543,2.12657883806987,2.39381331764896,1.50108572945022,79.8059213015319,92.3947117556754,DE,51.165691,10.451526,13.6499134125724,2020,131.63003483012,101.582102749684,127.603186063058,24.25962325627218,2.014950733776339,False
Germany,2021,175.486528066319,101.652784168704,7.98918647260261,4.55860373117176,3.22740040578063,-0.0181520839907403,0.245904375279415,82.7353833139311,71.1514790903805,DE,51.165691,10.451526,17.3058514989717,2021,149.59742060937,131.63003483012,152.23799450193633,22.04716472941068,7.80415622094313,False
Germany,2022,91.6072640506916,53.2201849415227,3.36655922087073,5.77730292005504,5.07377608597015,1.7933906326986,-0.657580437721495,74.748476253505,107.877741662445,DE,51.165691,10.451526,-47.7981215651656,2022,175.486528066319,149.59742060937,138.89707090879355,42.95120307671023,9.05768837332659,False
Germany,2023,97.3201869910015,80.3696154466581,6.58654260957636,4.57925049026108,4.62810873063968,-1.63756792182364,0.311144151192649,78.7757974714271,110.250900686407,DE,51.165691,10.451526,6.23632088515229,2023,91.6072640506916,175.486528066319,121.47132636933736,46.86566848882757,10.8449271427244,False
Germany,2024,165.648984118832,96.1085542133262,4.46640984373287,1.85284373700215,4.67572530834105,-1.78790951566703,1.05021453445712,88.2069072427487,116.03793423007,DE,51.165691,10.451526,70.2103019326798,2024,97.3201869910015,91.6072640506916,118.19214505350836,41.19797389052646,8.31647856101023,False
India,2015,173.834045682104,62.6863146315962,3.598466406301,5.2056032464503,4.23407523566943,4.73463021406618,-0.510796681807987,83.8580193557967,86.1301856038196,IN,20.593684,78.96288,,2015,130.32097784103212,130.57233524572237,130.37542599087405,26.121754179990482,4.70504826805355,True
India,2016,96.3655942865705,61.4986058551695,10.3311724820824,4.825986103481,3.89992526099928,0.87064387298802,2.07020189284588,71.7733532226791,135.327955157726,IN,20.593684,78.96288,-44.5646024583714,2016,173.834045682104,130.57233524572237,130.37542599087405,26.121754179990482,7.855267491492261,True
India,2017,123.913490857022,76.3861100597435,7.16411807102646,3.00688937082071,5.35946097114563,2.02176312073983,-0.187255566986139,86.987237198237,100.711297709857,IN,20.593684,78.96288,28.5868590075104,2017,96.3655942865705,173.834045682104,131.3710436085655,39.268964338101334,6.34458722122651,True
India,2018,134.355286111399,113.453047767518,8.61814196322593,2.08449020354182,6.60890880348759,3.02166442457134,0.172169651299801,64.1781621799016,133.522015141624,IN,20.593684,78.96288,8.42668153577026,2018,123.913490857022,96.3655942865705,118.21145708499716,19.626234052648602,5.671734582458069,True
India,2019,142.007275592851,87.3422764383425,11.0450332474586,5.44298605612265,1.48588671826288,0.493776542364386,-0.13028801064937,82.3183887771803,72.6825947788624,IN,20.593684,78.96288,5.69533935204303,2019,134.355286111399,123.913490857022,133.42535085375732,9.082667350739161,6.435096232021144,True
India,2020,136.988968487132,103.372108001848,10.8908907308557,3.21040874357954,5.83817248036808,-1.11494610435834,1.96258302107081,63.8246598699595,101.782983244829,IN,20.593684,78.96288,-3.53383802679779,2020,142.007275592851,134.355286111399,137.78384339712736,3.887429143787429,10.16352732830596,False
India,2021,159.729536577955,60.4942199144142,5.06326255709377,5.11126284196533,5.18023748754948,3.12918106308238,1.42881955563485,76.2817333004279,90.1439247125562,IN,20.593684,78.96288,16.6002914993552,2021,136.988968487132,142.007275592851,146.24192688597932,11.947073405404966,7.162319266432431,False
India,2022,114.569599350392,62.7118401760998,11.1760550520027,4.4169589738306,3.10553420896366,1.69604642915306,2.31549168864135,64.6005420934824,116.898386561344,IN,20.593684,78.96288,-28.2727529266469,2022,159.729536577955,136.988968487132,137.0960348051597,22.580158989624053,5.826446753641201,False
India,2023,130.588867888447,92.8017964804253,3.16299165438756,5.86061954472076,6.55876883614348,2.52106546871367,1.43827788356912,87.6749814353189,126.579090745072,IN,20.593684,78.96288,13.9821284432203,2023,114.569599350392,159.729536577955,134.96266793893133,22.89547068222382,9.89832291215057,False
India,2024,95.2539042914261,90.3401852116769,8.4604354174457,3.62065335651193,5.2868875315607,5.47493611815212,2.23948979517372,73.525181142124,79.0590436672604,IN,20.593684,78.96288,-27.0581743822182,2024,130.588867888447,114.569599350392,113.47079051008836,17.693090423986003,3.43260476992051,False
Italy,2015,157.714691592744,89.0882974815063,6.81799808322279,6.03177192547368,1.22278363498998,1.94100083432687,-0.960262243314033,74.0598192598238,74.504262054547,IT,41.87194,12.56738,,2015,130.32097784103212,130.57233524572237,130.37542599087405,26.121754179990482,5.31355472613679,True
Italy,2016,91.8817916268072,58.2268372743973,8.84289271904457,5.23022439632712,4.29189697313154,5.69738038779634,0.312047028332964,68.5713625884558,139.487930255157,IT,41.87194,12.56738,-41.7417675557661,2016,157.714691592744,130.57233524572237,130.37542599087405,26.121754179990482,3.8247409816623197,True
Italy,2017,102.359583851945,117.425577760843,3.10939027220835,6.3493941335382,0.780539427678745,5.12914490958457,0.84695388180205,89.788943883579,75.9037251788319,IT,41.87194,12.56738,11.4035567217663,2017,91.8817916268072,157.714691592744,117.31868902383206,35.37405546638587,2.0007886516323756,True
Italy,2018,135.385428440132,117.851177493337,7.70788059753134,4.64699319067631,5.02236647840001,1.63632851814219,1.19645328029422,77.529429357693,142.092640839279,IT,41.87194,12.56738,32.2645358112788,2018,102.359583851945,91.8817916268072,109.87560130629474,22.704834127933726,8.03303115093413,True
Italy,2019,84.5446380341458,69.6674232714561,11.553703356689,5.95131891945458,3.46176889310713,2.96106078241229,-0.0291658595660356,65.6436347917128,107.095872395199,IT,41.87194,12.56738,-37.5526310266605,2019,135.385428440132,102.359583851945,107.42988344207426,25.796849531029995,6.45202703014942,True
Italy,2020,115.335222802605,90.855927829561,3.69961173268486,6.37197403833083,6.91036983911742,3.58529371215796,0.876337282204421,69.2858284885898,135.103601576556,IT,41.87194,12.56738,36.4193229569731,2020,84.5446380341458,135.385428440132,111.7550964256276,25.608777224473272,9.697050165290289,False
Italy,2021,148.473117255388,61.3831857541424,11.1983446604446,5.61268621461585,6.67369943639751,3.80575606710688,1.14695318577526,72.5472910887186,144.618278668321,IT,41.87194,12.56738,28.7318077232119,2021,115.335222802605,84.5446380341458,116.11765936404628,31.97142113067088,8.48062958390648,False
Italy,2022,166.606388950041,53.1653069074333,3.23730277047527,3.38231683439025,5.76859665008191,5.89820903451956,-0.473540881137651,77.823921460564,100.471268530482,IT,41.87194,12.56738,12.2131683026914,2022,148.473117255388,115.335222802605,143.47157633601134,25.998936097572294,3.252704449952599,False
Italy,2023,176.99143978146,108.9483246195,10.5449583424002,3.84346579897485,3.19632676519482,0.18725657544565,-0.802685761721755,85.9416712876516,135.032080730406,IT,41.87194,12.56738,6.23328486792518,2023,166.606388950041,148.473117255388,164.02364866229632,14.433523148238075,6.85253598872402,False
Italy,2024,179.971767328613,119.764578595173,7.99888535042365,5.34493707590255,6.64097724423578,4.79717912541929,-0.134281643898808,73.5163240593028,80.3327532121196,IT,41.87194,12.56738,1.68388231138898,2024,176.99143978146,166.606388950041,174.52319868670466,7.016230852600529,7.188735194719041,False
Japan,2015,100.788625514603,51.8572542711674,4.63291891580818,4.41520780484846,3.23925957885124,5.1413736886158,1.86105246608454,70.2545205509363,90.7538746745034,JP,36.204824,138.252924,,2015,130.32097784103212,130.57233524572237,130.37542599087405,26.121754179990482,2.5130936950839002,True
Japan,2016,117.969240816727,91.3206459760365,5.41257276740589,4.62074453924567,3.16117573924306,2.41637744681584,0.526442851973608,68.8339727862575,145.876264556973,JP,36.204824,138.252924,17.046184739998,2016,100.788625514603,130.57233524572237,130.37542599087405,26.121754179990482,5.36554283167289,True
Japan,2017,156.360579415976,59.8079223036517,10.8162117830812,3.93715599124757,6.31458947481159,4.39884204757852,0.488247265642317,60.6740792496035,91.4941887507957,JP,36.204824,138.252924,32.5435158635063,2017,117.969240816727,100.788625514603,125.03948191576866,28.45262284927375,5.852903418480639,True
Japan,2018,134.163421466087,94.3434753878303,5.32098916889882,2.19678037036412,5.92704653919544,5.87521744562842,0.8399156380594,65.1503785754491,91.7845861215495,JP,36.204824,138.252924,-14.1961343663462,2018,156.360579415976,117.969240816727,136.16441389959667,19.273730772732318,2.2486094639311416,True
Japan,2019,81.8390676547467,114.000916459235,4.05975974601127,4.38258237757127,2.28135893446684,2.43342402012635,1.27997135923152,84.892254111216,86.5137017408483,JP,36.204824,138.252924,-39.0004617052543,2019,134.163421466087,156.360579415976,124.12102284560324,38.262269356825655,4.2305172919117595,True
Japan,2020,81.099582865848,59.5819941048165,11.1001677766329,5.86945038781258,4.383185164107,2.80413488346923,1.32762836091189,65.2611383587035,143.152955673997,JP,36.204824,138.252924,-0.903584082871367,2020,81.8390676547467,134.163421466087,99.03402399556057,30.425197360410397,7.44850066845035,False
Japan,2021,121.877052489207,76.8196969774648,7.67025934754554,1.73482983387528,1.58084189691452,3.90426893141096,-0.710204662262057,78.0945632839916,89.6279287745057,JP,36.204824,138.252924,50.2807390400661,2021,81.099582865848,81.8390676547467,94.9385676699339,23.332341989326917,-0.5885972006211602,False
Japan,2022,118.929561404198,70.208561573949,6.20105444818454,5.09522952592123,2.43129115155064,2.53123712237518,0.666176407696849,79.9101349608794,144.946379145981,JP,36.204824,138.252924,-2.41841349524814,2022,121.877052489207,81.099582865848,107.30206558641767,22.73982193125894,4.99528355509669,False
Japan,2023,153.257209721025,65.045826501353,3.28064821555156,2.81132022149913,4.36800654955166,-1.588593492126,0.737281865204327,77.9052854675067,96.7395112653569,JP,36.204824,138.252924,28.8638484086899,2023,118.929561404198,121.877052489207,131.35460787147667,19.025375206784478,8.767920263176789,False
Japan,2024,157.091220374582,57.461877719364,3.67624003562228,5.14094378101802,3.72069355534029,3.50721917142189,0.521895685113112,67.3920609971732,135.528185413936,JP,36.204824,138.252924,2.50168371232662,2024,153.257209721025,118.929561404198,143.09266383326835,21.013484924476582,5.35441816493642,False
Mexico,2015,141.692691837574,118.68303246192,8.68632174315002,2.7990179053208,4.62103707014747,2.31988303772684,1.729458883029,63.2094191648088,130.882232200162,MX,23.634501,-102.552784,,2015,130.32097784103212,130.57233524572237,130.37542599087405,26.121754179990482,5.100171937741431,True
Mexico,2016,134.126657867611,117.40944027013,6.07684949434818,4.66310946566974,6.55818268581511,-1.17992217607457,2.28029970532758,80.6365716690244,75.4269647284138,MX,23.634501,-102.552784,-5.33974891142327,2016,141.692691837574,130.57233524572237,130.37542599087405,26.121754179990482,12.401214327559419,True
Mexico,2017,110.096356694682,99.5720462051697,3.60615541321895,4.41085230088137,2.74823987019422,2.96732414213982,-0.839902881656205,86.1461041845713,147.879117534192,MX,23.634501,-102.552784,-17.91612611167,2017,134.126657867611,141.692691837574,128.63856879995566,16.49761921691662,4.191768028935771,True
Mexico,2018,176.887785528569,102.475628222005,4.17077616117569,5.29131597964511,0.65981495698221,-1.82301158776802,0.132635767023394,74.65929571214,131.632593424623,MX,23.634501,-102.552784,60.6663388681544,2018,110.096356694682,134.126657867611,140.370266696954,33.83061823006543,7.77414252439534,True
Mexico,2019,148.329537660651,81.2131894463724,5.46263999653499,6.48562250078856,3.27017846453382,1.6110961946374,-0.427316625829158,83.8442864624979,125.494578062519,MX,23.634501,-102.552784,-16.1448388211668,2019,176.887785528569,110.096356694682,145.10455996130065,33.512297776921066,8.14470477068498,True
Mexico,2020,102.076961278876,55.766673193109,9.12449371867242,4.77255607140568,2.27618692548836,5.60690849800328,-0.471297378766849,72.9700440312781,145.489273613408,MX,23.634501,-102.552784,-31.1823100855283,2020,148.329537660651,176.887785528569,142.431428156032,37.75255790043864,1.4418344988907599,False
Mexico,2021,121.972731692612,94.696816336486,6.57834958166515,2.87107601174335,6.89585471173888,1.27467205052034,2.12934721287697,66.8986381767326,87.0483763220067,MX,23.634501,-102.552784,19.4909509104416,2021,102.076961278876,148.329537660651,124.126410210713,23.2013782749534,8.492258672961889,False
Mexico,2022,83.1134082884511,95.616677776312,6.31673709351385,5.82179124919818,3.57586439349512,5.74554742331777,-0.350660695039076,86.0586950386683,132.127748223339,MX,23.634501,-102.552784,-31.8590252631972,2022,121.972731692612,102.076961278876,102.3877004199797,19.431525235236965,3.6521082193755294,False
Mexico,2023,157.092184464405,109.134825968182,9.84921591848699,4.63110160815708,1.35309170493552,-1.73979056406998,2.2229674673549,78.4995094356221,133.722983278094,MX,23.634501,-102.552784,89.009436262324,2023,83.1134082884511,121.972731692612,120.72610814848936,37.00513996485544,7.72398387716258,False
Mexico,2024,128.152235151255,58.2115732273676,4.12667212982295,4.92782643614486,3.29698831684651,-0.395802186397306,0.720580913595029,61.926268112254,116.557712153152,MX,23.634501,-102.552784,-18.4222718729254,2024,157.092184464405,83.1134082884511,122.7859426347037,37.280191156334844,8.620616939388677,False
Netherlands,2015,176.991204610727,56.5730501052593,9.05341906402614,3.71875109652286,6.14292465345379,-0.582801684420913,1.42419083279158,85.1434586894433,145.569137557922,NL,52.132633,5.291266,,2015,130.32097784103212,130.57233524572237,130.37542599087405,26.121754179990482,10.444477434397562,True
Netherlands,2016,148.324802828965,84.8022334805899,8.56062516181093,5.84452492239359,4.20896335315239,-1.7569035224253,2.25832043427442,80.6858025309468,124.12107086218,NL,52.132633,5.291266,-16.1965120497434,2016,176.991204610727,130.57233524572237,130.37542599087405,26.121754179990482,11.810391797971281,True
Netherlands,2017,101.567515239772,96.121982916286,6.54477965088743,4.75616488520746,1.19285469700194,3.26276243682429,2.49794804019733,61.4463611658167,148.173934737705,NL,52.132633,5.291266,-31.5235798041878,2017,148.324802828965,176.991204610727,142.29450755982134,38.071729345491654,2.6862571453851105,True
Netherlands,2018,120.690796072287,110.952741523608,10.0414693565245,4.33508130493334,5.29991986013362,5.02812449041078,0.414491125778615,69.8109948468972,123.407470845087,NL,52.132633,5.291266,18.8281467626443,2018,101.567515239772,148.324802828965,123.52770471367467,23.507382322460128,4.6068766746561804,True
Netherlands,2019,160.784594194126,103.359959434363,10.1803228397277,3.67791657406466,5.81592240513764,-1.03832755703513,0.905711842862973,60.1727598149436,95.9668663920216,NL,52.132633,5.291266,33.220261549874,2019,120.690796072287,101.567515239772,127.68096850206166,30.221060420177764,10.53216653623743,True
Netherlands,2020,116.64615348714,77.7320884126479,9.25920486020876,3.44279050635173,3.41650854704645,-0.0996469530053803,0.30638127070269,66.8180888178945,75.8556739014755,NL,52.132633,5.291266,-27.4519091385676,2020,160.784594194126,120.690796072287,132.70718125118432,24.399705358605203,6.95894600640356,False
Netherlands,2021,140.344859338138,96.7748958988511,8.57541311408653,3.81747021900286,2.96860757116499,4.9066691965746,0.816786247976763,74.3754563288919,72.0513652645149,NL,52.132633,5.291266,20.316748681825,2021,116.64615348714,160.784594194126,139.25853567313467,22.089263485682128,1.8794085935932499,False
Netherlands,2022,114.124782762616,76.61369331501,6.5894050280721,4.40086184613666,3.96841655372471,2.86324074234756,1.67709141539745,84.3895721614828,127.44984609812,NL,52.132633,5.291266,-18.6826056181717,2022,140.344859338138,116.64615348714,123.70526519596467,14.46535162015808,5.50603765751381,False
Netherlands,2023,175.552369595493,51.2762807873453,4.76200187115191,1.53781437489071,4.70858564200492,5.1842443915999,-0.147811961982953,87.8110363438892,74.8213912231649,NL,52.132633,5.291266,53.824932101426,2023,114.124782762616,140.344859338138,143.34067056541565,30.823177475882872,1.0621556252957296,False
Netherlands,2024,173.443602680551,74.6135881067744,3.91278745604295,3.92935879593163,2.1690476901833,0.278983215695383,0.0755148772420031,84.0907769349799,113.13290213402,NL,52.132633,5.291266,-1.20121814350956,2024,175.552369595493,114.124782762616,154.37358501288665,34.87242874265332,5.819423270419548,False
Russia,2015,166.703149612245,90.5072786000675,6.94753877270631,5.12628830207568,3.66334811926057,4.98738590465328,2.1524565240394,72.6516278062037,92.1462237788041,RU,61.52401,105.318756,,2015,130.32097784103212,130.57233524572237,130.37542599087405,26.121754179990482,3.802250516682969,True
Russia,2016,139.235032859336,113.865434193168,4.895959701051,4.61483291781741,4.60514143060138,3.86490417932225,-0.539513102054591,81.4747489404627,142.722601653251,RU,61.52401,105.318756,-16.4772632171618,2016,166.703149612245,130.57233524572237,130.37542599087405,26.121754179990482,5.355070169096541,True
Russia,2017,97.9683108870242,66.6280327446714,11.7425558463748,2.40488476354745,6.05350310690226,1.93822285158428,-0.13469123958888,86.1224970381753,105.624420400213,RU,61.52401,105.318756,-29.638174477254,2017,139.235032859336,166.703149612245,134.63549778620174,34.59748987733463,6.520165018865429,True
Russia,2018,131.481735392969,75.1463358579836,8.33655766291435,2.31761936292511,3.04202998823644,5.7552985786823,-0.0965329855460536,79.7020999362388,96.0152051379756,RU,61.52401,105.318756,34.2084335256041,2018,97.9683108870242,139.235032859336,122.89502637977641,21.932493345330183,-0.3956492275207495,True
Russia,2019,157.34731256866,59.1611562502845,11.7283894057069,3.7689477069182,2.03432801175202,-1.4120260213599,-0.405847332193607,75.5932184566805,96.9602541145029,RU,61.52401,105.318756,19.6723728192244,2019,131.481735392969,97.9683108870242,128.93245294955105,29.771472770240397,7.215301740030119,True
Russia,2020,162.888336588261,80.1621266563264,5.23842845328867,4.58572493302015,5.0940519097554,-0.663664736792401,-0.413332742990888,61.1001428080063,128.912161205251,RU,61.52401,105.318756,3.52152440937494,2020,157.34731256866,131.481735392969,150.57246151663,16.763579711473383,10.34344157956795,False
Russia,2021,146.38045276218,83.224161302487,10.5975340407228,5.52835076475027,4.30480336857889,4.94617024410607,-0.279555764871311,63.3575885819318,91.5799689213592,RU,61.52401,105.318756,-10.1344787305478,2021,162.888336588261,157.34731256866,155.53870063970032,8.401241868677902,4.88698388922309,False
Russia,2022,85.7086856089315,87.1818669600722,11.4294512306547,1.69671770334255,1.29371444106517,1.61759222626748,2.26856256134767,69.4846831493025,110.578784695071,RU,61.52401,105.318756,-41.4479980136558,2022,146.38045276218,162.888336588261,131.65915831979086,40.64125999360034,1.3728399181402398,False
Russia,2023,84.1572859050392,60.3840240673462,11.8796711066296,6.32559348218023,0.532109876073662,5.61449428338591,1.23691978235425,86.0375488356007,106.379188450709,RU,61.52401,105.318756,-1.81008458229188,2023,85.7086856089315,146.38045276218,105.41547475871691,35.48519095874329,1.2432090748679823,False
Russia,2024,131.559602857925,84.2192606179844,9.00177831791494,2.19825627378156,0.694828334172407,0.463439532729527,1.46638266957826,66.0556035636885,123.874594665993,RU,61.52401,105.318756,56.3258622745668,2024,84.1572859050392,85.7086856089315,100.47519145729855,26.931063557773978,2.42964507522444,False
South Africa,2015,106.89934044351,105.829137044603,5.79325763031216,3.77610074540901,0.575533509402654,-1.42042489764353,0.373727447423397,74.3981650415137,118.001643849544,ZA,-30.559482,22.937506,,2015,130.32097784103212,130.57233524572237,130.37542599087405,26.121754179990482,5.772059152455194,True
South Africa,2016,109.16625787093,98.648732028858,10.7411015747028,5.39925494446675,0.757522364764321,1.84405557806263,-0.632744375536388,67.2613504758758,148.933007461372,ZA,-30.559482,22.937506,2.12060936766818,2016,106.89934044351,130.57233524572237,130.37542599087405,26.121754179990482,4.312721731168441,True
South Africa,2017,94.2495542901513,84.9221707415949,8.56340160886307,5.01232485272052,4.13771644266494,-1.92183322064653,0.142614578853972,75.5313493015413,77.0293199315867,ZA,-30.559482,22.937506,-13.6642071201299,2017,109.16625787093,106.89934044351,103.43838420153043,8.038076574086428,11.07187451603199,True
South Africa,2018,115.062693120918,52.3242176153957,3.70720647439519,3.48461638100798,1.36265240127989,2.54032678609247,1.41312739198043,84.0176009732725,86.0120195395848,ZA,-30.559482,22.937506,22.0830103521685,2018,94.2495542901513,109.16625787093,106.15950176066643,10.727400604393761,2.3069419961953996,True
South Africa,2019,96.748258225907,57.319748823408,8.72787224589273,5.03237863243451,0.705309941366673,5.48969796994952,-0.818100507219847,76.2388900590321,126.724841556073,ZA,-30.559482,22.937506,-15.9169183323083,2019,115.062693120918,94.2495542901513,102.02016854565876,11.364042670274564,0.2479906038516626,True
South Africa,2020,167.096912374609,99.98608524927,10.2155527476281,3.19725096271403,5.79636323935233,-1.3590812289226,2.13185829621185,76.4277712846121,135.383821597,ZA,-30.559482,22.937506,72.7130962755294,2020,96.748258225907,115.062693120918,126.30262124047799,36.496373425767636,10.35269543098896,False
South Africa,2021,125.23182845183,95.0504386637568,7.73762394842502,5.15794760877666,1.03059488319883,-1.51718332807549,-0.135138680964487,64.7863404033957,139.742685327376,ZA,-30.559482,22.937506,-25.054373134629,2021,167.096912374609,96.748258225907,129.69233301744865,35.38580733667597,7.705725820050981,False
South Africa,2022,101.921398735804,118.310567907339,6.03206212593996,2.4105895784435,5.63304029642611,3.26966220400701,0.743685007585986,76.6609065281289,127.536142261781,ZA,-30.559482,22.937506,-18.6138220644058,2022,125.23182845183,167.096912374609,131.41671318741433,33.02501315540785,4.773967670862599,False
South Africa,2023,102.84547413313,119.743374123972,11.773138459321,4.75162843173468,1.79702593103944,3.44182593945033,-0.747305568572885,60.9195750661742,90.6146310808971,ZA,-30.559482,22.937506,0.906654940755658,2023,101.921398735804,125.23182845183,109.99956710692133,13.199614316133806,3.10682842332379,False
South Africa,2024,126.262295673932,110.779075378587,9.54452162789677,5.2135326059999,3.26570667391249,0.767479940375703,0.29863567044611,89.6294869120817,73.2087353129986,ZA,-30.559482,22.937506,22.768937319001,2024,102.84547413313,101.921398735804,110.34305618095534,13.794205970661977,7.711759339536687,False
South Korea,2015,158.634501441555,56.2587701618582,6.75822698206436,5.89559153781082,6.64075814489417,1.73921208999896,1.14693986223748,65.0110183827623,149.293490090958,KR,35.907757,127.766922,,2015,130.32097784103212,130.57233524572237,130.37542599087405,26.121754179990482,10.797137592706031,True
South Korea,2016,103.167170138344,115.991224189459,8.84681984093132,4.5386839743943,3.83247532160731,-0.15464150625793,-0.382151887980721,66.6145862721053,84.9150609715404,KR,35.907757,127.766922,-34.9654903562365,2016,158.634501441555,130.57233524572237,130.37542599087405,26.121754179990482,8.52580080225954,True
South Korea,2017,157.958447356675,74.5087681416711,3.52058408907057,6.34551315070406,6.24460825226227,5.4220182655617,2.48217737926252,65.2168574765846,101.699361512213,KR,35.907757,127.766922,53.1092179274253,2017,103.167170138344,158.634501441555,139.92003964552467,31.830713549028527,7.16810313740463,True
South Korea,2018,155.823847570409,98.7214432637654,4.3850631570587,5.57916562495309,1.95886371693829,-0.209459081419015,0.879410480126948,77.7881980452511,116.406896627025,KR,35.907757,127.766922,-1.35136792111294,2018,157.958447356675,103.167170138344,138.98315502180932,31.035909990547154,7.747488423310395,True
South Korea,2019,89.1486837397755,111.422260384127,5.39040038329835,2.14757460641402,6.27686251914835,5.64521198583803,2.01744666042908,84.2854822417463,122.419358451122,KR,35.907757,127.766922,-42.7888059948631,2019,155.823847570409,157.958447356675,134.3103262222865,39.125689678911584,2.779225139724341,True
South Korea,2020,135.085737060914,56.0890731937987,6.67607891763629,3.36344258506157,2.18839959444212,3.78736090950868,0.735565072775698,62.4313864772294,87.6146561559849,KR,35.907757,127.766922,51.5285828058083,2020,89.1486837397755,155.823847570409,126.68608945703284,34.12198598942468,1.7644812699950099,False
South Korea,2021,148.32587636596,55.329160164321,10.6608622264389,3.97573263506987,3.62381275262321,2.73926227727614,1.88638338073802,70.4342762370658,124.241292204725,KR,35.907757,127.766922,9.8012859041331,2021,135.085737060914,89.1486837397755,124.18676572221649,31.05761925776747,4.86028311041694,False
South Korea,2022,136.573196399579,68.6919789118595,10.9076698771964,5.48713010803464,4.77993692527977,4.80465383275394,2.03552970335931,81.250889301451,136.961066269094,KR,35.907757,127.766922,-7.9235533639346,2022,148.32587636596,135.085737060914,139.99493660881765,7.253037415379645,5.462413200560472,False
South Korea,2023,149.747146166928,97.609854023221,8.56750240393666,5.26358319778821,1.53093318440498,5.04696607359143,2.05145234710831,60.8774184910368,136.065340045181,KR,35.907757,127.766922,9.64607266626869,2023,136.573196399579,148.32587636596,144.88207297748897,7.230703593150024,1.7475503086017605,False
South Korea,2024,92.8869867473445,73.4583197981399,9.69157430662447,2.30379948024154,5.8167856567739,4.65707342366194,0.776137068162927,60.191576151505,92.963050653993,KR,35.907757,127.766922,-37.970779994832,2024,149.747146166928,136.573196399579,126.40244310461715,29.763276016684475,3.4635117133534994,False
Spain,2015,175.405102725872,92.4322244115616,5.05778524953116,4.85850342202928,4.51783356297632,0.865301744262724,-0.602548427301298,80.147195867784,111.624616072303,ES,40.463667,-3.74922,,2015,130.32097784103212,130.57233524572237,130.37542599087405,26.121754179990482,8.511035240742878,True
Spain,2016,157.231839173564,86.4114450778395,10.6696335028669,4.25953419387243,4.14609681498001,5.01322882126676,0.41219003174339,64.0204568535192,72.3026141050671,ES,40.463667,-3.74922,-10.3607382395882,2016,175.405102725872,130.57233524572237,130.37542599087405,26.121754179990482,3.3924021875856782,True
Spain,2017,155.513725567362,93.4216685947425,9.33671791289301,2.56482080754455,1.386414591314,-1.88364267465694,0.227056455823089,77.697530605639,101.379523607979,ES,40.463667,-3.74922,-1.0927262666599,2017,157.231839173564,175.405102725872,162.71688915559935,11.021844278277248,5.83487807351549,True
Spain,2018,123.747492202373,113.291108614562,6.1342992032097,4.06994744579905,5.59374458281743,1.17234225857016,1.17730345079756,85.8709112624024,145.961649892611,ES,40.463667,-3.74922,-20.4266428889772,2018,155.513725567362,157.231839173564,145.49768564776636,18.855799234585064,8.491349770046321,True
Spain,2019,94.7073480929038,114.861133761305,7.42904663771584,2.79122194149479,3.4843824155487,5.84026060228382,0.724163328975044,69.8625483086253,120.672068345338,ES,40.463667,-3.74922,-23.4672586834954,2019,123.747492202373,155.513725567362,124.6561886208796,30.4133717676507,0.43534375475966947,True
Spain,2020,104.014561877819,55.3104329676065,4.15991749719584,2.14022919478886,1.48736750782991,-0.889382618804719,1.24306160681125,65.4564025319743,97.653382665909,ES,40.463667,-3.74922,9.82734072100249,2020,94.7073480929038,123.747492202373,107.48980072436525,14.828703795514203,4.516979321423489,False
Spain,2021,169.678840990601,83.1773148184011,9.00801964668924,2.36159935600815,1.74987862225636,-1.67305106986817,-0.408727279247424,68.3577101709588,84.1608387421397,ES,40.463667,-3.74922,63.1298905915832,2021,104.014561877819,94.7073480929038,122.80025032044126,40.86389304171621,5.78452904813268,False
Spain,2022,88.8702533757056,58.4445109770421,7.14700891229453,2.53166859202896,2.86775409681249,2.02733816683886,1.41638190020278,61.179364195233,133.952831912723,ES,40.463667,-3.74922,-47.6244339854795,2022,169.678840990601,104.014561877819,120.85455208137519,42.95574362783703,3.37208452200259,False
Spain,2023,142.790038949091,55.723132236421,10.862207616961,6.10436200265907,0.897006739056614,0.21502118517763,1.82170447927571,82.4477907115098,84.7616815485102,ES,40.463667,-3.74922,60.6724787263016,2023,88.8702533757056,169.678840990601,133.77971110513252,41.150898701854246,6.786347556538055,False
Spain,2024,100.934932333671,75.9330471953967,7.36070686671919,4.59127385765148,2.89793865720352,1.70027772906518,1.61614828346815,61.1004960867179,90.1949555475217,ES,40.463667,-3.74922,-29.3123434403869,2024,142.790038949091,88.8702533757056,110.86507488615587,28.298261738214126,5.78893478578982,False
Sweden,2015,111.1307699156,92.7233648317643,9.44535606800874,2.86312000366767,3.18806915991479,-1.02491125330442,-0.365977276628619,80.4335356189495,84.5150678156502,SE,60.128161,18.643501,,2015,130.32097784103212,130.57233524572237,130.37542599087405,26.121754179990482,7.076100416886881,True
Sweden,2016,132.516338366706,99.6332383205703,3.96189230785269,4.33656109814452,2.16765809405887,5.70341500190064,0.692409763519737,84.1797764932547,114.018123372501,SE,60.128161,18.643501,19.2436068492526,2016,111.1307699156,130.57233524572237,130.37542599087405,26.121754179990482,0.8008041903027499,True
Sweden,2017,84.3412532854819,94.3205962915816,11.5626300798599,4.50805910073166,5.82472758627414,5.07365170678726,-0.201720798178736,66.3613451972468,118.878479108079,SE,60.128161,18.643501,-36.3540720148119,2017,132.516338366706,111.1307699156,109.32945385592932,24.138004480609332,5.2591349802185405,True
Sweden,2018,121.10284698067,108.79029120067,11.1002081105821,3.26710689651359,2.03965863333413,4.24420412195089,-0.0381788755815237,84.6784295554103,103.899060291901,SE,60.128161,18.643501,43.5867292257993,2018,84.3412532854819,132.516338366706,112.65347954428597,25.174462520619297,1.0625614078968297,True
Sweden,2019,146.754989929147,56.6874719684268,8.61473392208916,3.75883839368615,4.31295501064058,-0.655886338041093,1.57905810730464,85.8839123262969,87.339184007262,SE,60.128161,18.643501,21.1821138710066,2019,121.10284698067,84.3412532854819,117.3996967317663,31.37122282890265,8.727679742367823,True
Sweden,2020,89.5714555520162,51.6547010232435,8.7777435039894,4.5354701804439,4.05353318264146,-0.144423231072197,0.368170985669301,77.8342900555852,109.741348708734,SE,60.128161,18.643501,-38.9653083719599,2020,146.754989929147,121.10284698067,119.14309748727771,28.64209514897197,8.733426594157558,False
Sweden,2021,178.778552021489,59.5507826789713,9.25630098642834,3.52159384052146,3.2832974970165,3.74078212526541,1.42352652963529,89.7376798110656,80.27154315633,SE,60.128161,18.643501,99.5932196476008,2021,89.5714555520162,146.754989929147,138.36833250088407,45.19102269525148,3.06410921227255,False
Sweden,2022,90.4109649384166,100.703717199012,8.20548225305768,2.87080333279903,1.01622589842841,-1.31473400322856,2.12966806132441,65.7560197415623,95.8697249692417,SE,60.128161,18.643501,-49.428517058607,2022,178.778552021489,89.5714555520162,119.58699083730727,51.26311423009736,5.201763234456,False
Sweden,2023,102.665640222699,74.8497414082356,3.62481458471484,4.09529895454135,0.939481663349397,4.40285206257889,-0.182007713313484,76.2003574381353,140.406327004917,SE,60.128161,18.643501,13.5544126673456,2023,90.4109649384166,178.778552021489,123.9517190608682,47.875155101050716,0.6319285553118563,False
Sweden,2024,145.087736904719,87.3070450585935,5.91900377803838,3.16500956529099,4.85166520878824,5.95311488976934,1.31643716447283,76.7335025211007,128.45204081914,SE,60.128161,18.643501,41.3206371576703,2024,102.665640222699,90.4109649384166,112.7214473552782,28.691929021581707,2.063559884309889,False
Switzerland,2015,126.520561228372,54.209963982055,8.06067134290119,6.2881264225269,1.63946912532479,3.52003912656533,-0.296732089693302,76.0748305341924,77.7341159717376,CH,46.818188,8.227512,,2015,130.32097784103212,130.57233524572237,130.37542599087405,26.121754179990482,4.40755642128636,True
Switzerland,2016,125.037093625819,102.931433022667,6.12814371815084,4.82455862243609,5.67042474513324,5.41742255583562,-0.178752713505913,71.9794774742792,82.1932810664334,CH,46.818188,8.227512,-1.17251108290266,2016,126.520561228372,130.57233524572237,130.37542599087405,26.121754179990482,5.077560811733709,True
Switzerland,2017,179.248350215838,114.890067754701,7.85961417252504,5.71016647188211,3.88622685226827,2.98868550402208,-0.688064487593942,82.6581126149042,80.2170786908188,CH,46.818188,8.227512,43.3561393807262,2017,125.037093625819,126.520561228372,143.60200169000967,30.879552967142736,6.607707820128301,True
Switzerland,2018,162.606763025253,104.741966136927,9.37870227968679,1.68080190262381,2.47033431364464,0.104900559286743,0.260477426150317,62.6292824029152,144.956625842485,CH,46.818188,8.227512,-9.28409503939429,2018,179.248350215838,125.037093625819,155.63073562230332,27.770736468668737,4.046235656981707,True
Switzerland,2019,135.380224071238,71.3867017460616,6.57283365366855,3.73601270252418,4.40386316684401,2.12543542157198,2.21787190625046,74.9089044871749,149.372641185865,CH,46.818188,8.227512,-16.7437924766923,2019,162.606763025253,179.248350215838,159.0784457707763,22.145877490987175,6.0144404477962095,True
Switzerland,2020,165.14249577451,64.5957360050135,11.3753569317952,2.08183198942738,5.81342310519275,1.04498634781264,2.07291012155774,86.0417007032235,134.47403200941,CH,46.818188,8.227512,21.984209220699,2020,135.380224071238,162.606763025253,154.37649429033365,16.500036267281015,6.850268746807489,False
Switzerland,2021,159.003043630706,71.3275397368629,3.72827354746127,3.51490089382581,1.62790934741231,3.55960871121969,0.211349042882249,89.2683060257974,121.277766187627,CH,46.818188,8.227512,-3.71766946781912,2021,165.14249577451,135.380224071238,153.1752544921513,15.713705766541441,1.58320153001843,False
Switzerland,2022,162.248056363436,59.2767270919294,10.7581303404536,6.11378595256697,3.66590247232308,2.85002350200782,1.67683430316048,65.2451588178124,110.205286117075,CH,46.818188,8.227512,2.04084944453433,2022,159.003043630706,165.14249577451,162.13119858955068,3.0713938140528594,6.92966492288223,False
Switzerland,2023,119.866302777231,60.2461794513574,6.30780980062378,1.84086154692747,0.667777395171665,-0.918669686761418,2.37090289056211,76.4858860768505,147.265772892258,CH,46.818188,8.227512,-26.1215786100202,2023,162.248056363436,159.003043630706,147.03913425712435,23.5882302194316,3.427308628860553,False
Switzerland,2024,123.249787833013,71.8271293159682,7.5552767655622,3.69755844316455,1.18682044770134,3.12661051752165,-0.243866361216401,78.5876386469349,122.016087391852,CH,46.818188,8.227512,2.82271579033351,2024,119.866302777231,162.248056363436,135.12138232456002,23.553223263265835,1.7577683733442395,False
UAE,2015,95.2024853128648,54.2944738977468,10.026854274616,3.7990021188466,0.878064670785593,5.95893053735814,-0.797768036512717,80.8510568657566,148.694314021073,AE,23.424076,53.847818,,2015,130.32097784103212,130.57233524572237,130.37542599087405,26.121754179990482,-1.2818637477259474,True
UAE,2016,103.918010421593,59.9574558081037,4.09246445480186,3.01637573783798,1.1567977715692,3.53729073355306,-0.78197870654478,75.2826638444937,149.735748308238,AE,23.424076,53.847818,9.1547243541866,2016,95.2024853128648,130.57233524572237,130.37542599087405,26.121754179990482,0.6358827758541197,True
UAE,2017,161.397026950602,93.0653606761708,5.7562825870795,4.61947918145819,3.92576951542574,1.40866707112297,-0.542513681409302,86.598126457214,105.982771905706,AE,23.424076,53.847818,55.3118908799529,2017,103.918010421593,95.2024853128648,120.1725075616866,35.966454420967246,7.136581625760961,True
UAE,2018,99.4622511820765,75.7431545614103,6.72716777276034,5.63768947783437,5.26849347364911,4.15443914913072,-0.961390574499735,72.4846199453929,108.507532130826,AE,23.424076,53.847818,-38.3741738857938,2018,161.397026950602,103.918010421593,121.59242951809051,34.543710428576716,6.75174380235276,True
UAE,2019,81.9192276823057,68.1869246121524,9.84260840809922,2.185548528645,3.97951585444185,-0.2783850238621,-0.957577288746374,67.2360437279862,148.069900392804,AE,23.424076,53.847818,-17.6378709422697,2019,99.4622511820765,161.397026950602,114.25950193832807,41.75403114180043,6.44344940694895,True
UAE,2020,160.153711188299,117.170365102472,7.39068639533726,2.04868099338752,4.061736678329,1.63501867647969,1.95524978958866,62.9424774235273,109.059290961742,AE,23.424076,53.847818,95.501978863128,2020,81.9192276823057,99.4622511820765,113.84506335089372,41.05249769228411,4.47539899523683,False
UAE,2021,95.0048664693984,72.7273148823042,9.6362136964902,3.88009064684383,2.9432738534475,1.15581022856028,0.608063689420953,83.5504963151117,141.366775115219,AE,23.424076,53.847818,-40.6789478904441,2021,160.153711188299,81.9192276823057,112.35926844666771,41.90513158735898,5.66755427173105,False
UAE,2022,175.533468650393,105.083237037871,5.83866206173211,4.94067353043271,3.34442030636005,0.0373649763684094,1.94305052799073,61.1527904688698,142.140959370834,AE,23.424076,53.847818,84.7626076154037,2022,95.0048664693984,160.153711188299,143.56401543603013,42.7507595975891,8.24772886042435,False
UAE,2023,126.147746462473,94.6041033765796,8.93418529985204,5.97558870353268,4.63835293408685,2.91146867808049,-0.766717858037585,75.5522406583561,82.0135200653633,AE,23.424076,53.847818,-28.1346472371489,2023,175.533468650393,95.0048664693984,132.2286938607548,40.607233139574085,7.702472959539039,False
UAE,2024,153.743376872149,85.8555344568872,9.12205001287518,1.70836450301192,1.05114810429772,3.73058710450146,-0.747704824004643,62.1377018329578,70.968678018791,AE,23.424076,53.847818,21.8756427946847,2024,126.147746462473,175.533468650393,151.8081973283383,24.74966825849773,-0.9710744971918199,False
UK,2015,114.106635105026,57.9431464868412,11.3222425645071,5.8866967669049,2.17662058014851,3.27987236827343,1.86027770070426,76.6560243479839,112.372046268481,GB,55.378051,-3.435973,,2015,130.32097784103212,130.57233524572237,130.37542599087405,26.121754179990482,4.783444978779979,True
UK,2016,104.185229090045,56.5171937464129,11.0749418215799,6.00209028581665,4.61515947227624,0.712238328389605,0.222233511144313,81.7786703661072,141.768820796206,GB,55.378051,-3.435973,-8.69485460319538,2016,114.106635105026,130.57233524572237,130.37542599087405,26.121754179990482,9.905011429703285,True
UK,2017,168.708642426512,104.591288210034,8.77828481538859,1.92069982497524,1.55058664161499,5.18843350821663,1.12250170880856,60.2759115484989,78.1177234292826,GB,55.378051,-3.435973,61.931440665836,2017,104.185229090045,114.106635105026,129.00016887386099,34.744506446914926,-1.7171470416264003,True
UK,2018,146.350176910806,50.3543108692353,4.44727246275749,4.24366894683293,4.99731878500251,3.2156900760208,-0.215057416888041,81.3653766404261,88.979926999744,GB,55.378051,-3.435973,-13.2527090456823,2018,168.708642426512,104.185229090045,139.74801614245433,32.7644489081613,6.025297655814639,True
UK,2019,112.539969815927,102.254398358262,8.84669609142493,5.74611705247089,4.77448379995223,2.54646882668377,-0.672138312601676,71.031474091783,91.216189414538,GB,55.378051,-3.435973,-23.1022659545432,2019,146.350176910806,168.708642426512,142.53292971774832,28.27823328654831,7.974132025739349,True
UK,2020,104.398964337908,118.110738832671,6.53787952200084,5.96023277588557,4.60240106898221,4.35849042833319,0.759229825868172,77.3071165387908,109.401415505509,GB,55.378051,-3.435973,-7.23387920872386,2020,112.539969815927,146.350176910806,121.09637035488034,22.24601204084384,6.204143416534589,False
UK,2021,99.5242987798044,100.571648068305,5.5269512619677,1.62157983215727,4.69556992339659,-0.583114564743608,2.2916050452352,88.6178573100776,143.189151217636,GB,55.378051,-3.435973,-4.66926620299227,2021,104.398964337908,112.539969815927,105.48774431121313,6.575789268433367,6.9002643202974685,False
UK,2022,117.015870025544,51.0819631570207,11.3548670632895,3.64092074158657,6.78325632378385,5.70895981671402,1.98553309413576,68.8334667620876,100.807818288154,GB,55.378051,-3.435973,17.5751765751596,2022,99.5242987798044,104.398964337908,106.97971104775213,9.026846423113398,4.7152172486564,False
UK,2023,165.113667151686,72.1845403609394,4.52543472017483,4.28400631229175,6.58500603204508,3.56823837339978,0.995214095312778,62.915294813123,119.200578135934,GB,55.378051,-3.435973,41.1036529623217,2023,117.015870025544,99.5242987798044,127.21794531901146,33.963996615177365,7.300773970937051,False
UK,2024,179.005385010426,59.8058810665567,7.66496687127363,5.88686535963978,5.31499601540233,3.57612592796214,1.45869429395488,70.7847345365927,93.4873475411595,GB,55.378051,-3.435973,8.4134270035797,2024,165.113667151686,117.015870025544,153.71164072921866,32.529673329426586,7.62573544707997,False
USA,2015,117.454011884736,116.550001448694,9.58794547630265,4.49329242098518,1.51412116287584,-0.752043837310379,-0.796707357411302,85.985284373248,118.089200939457,US,37.09024,-95.712891,,2015,130.32097784103212,130.57233524572237,130.37542599087405,26.121754179990482,6.759457421171399,True
USA,2016,150.807257779605,51.4409146007062,11.729188669458,5.66221320400211,1.8802042194088,-0.545400262343195,-0.358084215512982,69.1272672887861,111.980514530579,US,37.09024,-95.712891,28.3968553816617,2016,117.454011884736,130.57233524572237,130.37542599087405,26.121754179990482,8.087817685754105,True
USA,2017,123.194501864212,70.3860398138629,8.50667605250142,2.19746930326021,2.39894021547892,0.930894746349534,0.596244944759626,83.5552788417904,85.9739025726688,US,37.09024,-95.712891,-18.3099648663775,2017,150.807257779605,117.454011884736,130.48525717618435,17.83188401978851,3.665514772389596,True
USA,2018,131.423443841361,91.469019820343,3.41805371447998,4.53772425950719,1.6084068039674,-1.47958725611776,2.32109938038667,88.9689609922368,134.671787849317,US,37.09024,-95.712891,6.67963411729184,2018,123.194501864212,150.807257779605,135.14173449505935,14.176929722256624,7.62571831959235,True
USA,2019,110.461376917337,56.8370479804469,9.15809723860941,3.70076246869801,1.29324852649106,1.96141528089016,-0.879640176096736,87.2796120623635,90.7023985280014,US,37.09024,-95.712891,-15.950021024656,2019,131.423443841361,123.194501864212,121.69310754097002,10.561377803923754,3.0325957142989104,True
USA,2020,146.252228435398,71.8197753262588,7.6806121906003,4.2335513967164,1.70155396091593,5.75667702211647,1.7129648817639,88.1849682469257,141.586188034212,US,37.09024,-95.712891,32.4012360853015,2020,110.461376917337,131.423443841361,129.379016398032,17.982798051895323,0.1784283355158589,False
USA,2021,139.789997881109,114.531196451618,3.79643251846728,2.47991431209573,0.793977377918497,0.602642646106115,0.360370513913187,68.1404709532169,136.299000732154,US,37.09024,-95.712891,-4.41855185621608,2021,146.252228435398,110.461376917337,132.16786774461468,19.07403769421183,2.6712490439081122,False
USA,2022,115.675332669359,69.6654156781167,7.88426474842424,2.20462112487381,5.71428037490126,-1.40359485056183,2.45410427810181,83.1673430788997,85.8972545227338,US,37.09024,-95.712891,-17.2506370822461,2022,139.789997881109,146.252228435398,133.90585299528868,16.115334605579804,9.3224963503369,False
USA,2023,80.5522117123602,107.082299991838,9.36171609462856,5.14503584020494,5.51325725345865,-1.40764278612728,0.254630049904954,63.4760717857539,139.048274070047,US,37.09024,-95.712891,-30.363535722342,2023,115.675332669359,139.789997881109,112.00584742094276,29.78888499146723,12.065935879790871,False
USA,2024,142.329812682756,73.1628617396854,3.57202515257421,3.05491160857831,2.61369159317386,3.83684942670451,1.23145114974325,86.6163822772898,107.777194012956,US,37.09024,-95.712891,76.6926191809531,2024,80.5522117123602,115.675332669359,112.85245235482508,30.985391483197382,1.8317537750476598,False
